item,qty,spec,supplier,unit_cost_usd,make_buy,notes
1 Sleepers stakes and coach screws,1,"Three hardwood or treated timber sleepers 200 x 100 x 900 mm; six 25 mm rebar stakes 830 mm long with a welded 50 mm washer; eight M12 x 100 coach screws",Timber yard; local steel stockist,52.00,buy,Sleepers sit at least 0.35 m back from a 1.5 m collar edge (CLD-DDR-002)
2 Span module with pedestals and cleats,1,"Two RHS 100 x 50 x 3 sills 2,750 mm; six SHS 50 x 50 x 3 crossbars 550 mm; two 10 mm joint plates 150 x 170 mm with four 18 mm holes each; 3 mm end caps; four bearing pedestals SHS 60 x 60 x 4 with 10 mm top plates; four 50 x 50 x 5 angle cleats; S275; about 70 kg",Local steel stockist,115.00,make,Model mass x USD 1.40/kg plus cutting and welding consumables; welded by a local workshop
3 Drive module,1,"Two RHS 100 x 50 x 3 sills 1,140 mm; six SHS 50 x 50 x 3 crossbars 550 mm; two 10 mm joint plates; 3 mm end caps; S275; about 34 kg",Local steel stockist,55.00,make,Model mass x USD 1.40/kg plus consumables
4 Module joint bolts,8,"M16 x 60 grade 8.8 hex bolt, nut and two washers",Fastener supplier,1.50,buy,Two modules bolted through the joint plates; 4 per sill
5 Pillow block bearings,4,"Two UCP206 (30 mm bore) for the pump wheel shaft and two UCP205 (25 mm bore) for the layshaft, cast iron housings with grease nipples; M12 bolts",Bearing and transmission shop,11.00,buy,Regional retail estimate
6 Pump wheel shaft and layshaft,1,"30 mm bright steel bar 830 mm and 25 mm bright steel bar 795 mm, each with keyways for the pulleys, ratchet and wheel hub; keys",Bearing and transmission shop or machine shop,48.00,make,Turning and keyway cutting by a local machine shop
7 Rope pump wheel,1,"Steel hub 70 mm OD bored 30 mm with key, 6 mm web disc 370 mm, and a V groove made from two car tyre sidewalls bolted to the web rim (rope circle 400 mm, 470 mm overall)",Local workshop; used tyre,38.00,make,As the open rope pump wheel (Akvopedia); tyre rubber grips the rope
8 Pump pulley 560 mm two-groove,1,"Cast iron A-section (SPA) two-groove pulley 560 mm pitch diameter with taper bush for a 30 mm shaft",Bearing and transmission shop,95.00,buy,Replaces the concept's single belt; two A belts carry the pump load (CLD-DDR-002)
9 Backstop ratchet and pawl,1,"10 mm steel ratchet plate 220 mm with 12 teeth on a keyed hub; pawl 12 mm flat bar on a 10 mm pin and a 40 x 20 mm post welded to a crossbar; return spring",Local workshop,32.00,make,Holds the rope and water column when the engine stops (CLD-CAL-001 G3)
10 Pulleys,1,"A-section cast iron: engine 80 mm (19.05 mm bore with key); layshaft 480 mm single groove; layshaft 344 mm single groove; layshaft 90 mm two-groove; blower 80 mm; with taper bushes",Bearing and transmission shop,165.00,buy,Regional retail estimate for five pulleys and bushes
11 V-belts,1,"A-section classical V-belts: one for the engine to layshaft, two matched for the pump stage, one for the blower; lengths from CLD-CAL-001 A3",Bearing and transmission shop,34.00,buy,About USD 8.50 each
12 Clutch idler and lever,1,"Flat idler 60 mm wide on a sealed bearing; 16 mm arm and pivot pin; lever 18 mm bar with a knob; pivot post 40 x 10 flat bar bolted to the sill; latch plate on the guard",Local workshop; bearing shop,36.00,make,Over-centre lever; pump drive engaged or slack
13 Engine and engine plate,1,"Single-cylinder 4-stroke petrol engine 196 cc class 4.8 kW (6.5 hp) at 3,600 rpm, horizontal 19.05 mm keyed shaft, governor set to 2,800 rpm; engine plate 8 mm 340 x 400 mm with four slots for belt tension",Agricultural or hardware dealer; local steel stockist,215.00,buy,Engine about USD 185; plate USD 30. A diesel of similar size fits the same plate
14 Blower with plate and inlet guard,1,"Belt-driven centrifugal blower with its own shaft and bearings, wheel about 300 mm, 200 mm outlet, at least 0.15 m3/s at 500 Pa at 2,000 rpm, absorbed power under 0.5 kW; 8 mm slotted plate 380 x 440 mm; 6 mm mesh inlet guard",Industrial fan supplier; local steel stockist,340.00,buy,Blower about USD 300 (regional estimate); plate and guard USD 40
15 Layshaft cover,1,"2 mm steel sheet folded to an inverted U 90 x 115 mm, 540 mm long, bolted to the layshaft pedestals",Local workshop,14.00,make,Covers the turning layshaft between its bearings
16 Belt guard,1,"Welded frame of 20 x 20 x 3 angle with 2 mm sheet top and ends and 12.7 x 1.6 mm welded mesh sides, 2,670 x 152 x 642 mm; three brackets to the sill; holes for the shafts and the clutch pivot; latch plate",Local workshop; mesh from hardware store,120.00,make,Encloses every belt and pulley on the belt side (R9)
17 Pump wheel hood,1,"2 mm steel sheet box 600 x 520 x 657 mm, open at the bottom, with holes for the pump shaft and spout and four fixing tabs",Local workshop,40.00,make,Covers the rope wheel and the backstop
18 Pipe head tee and spout,1,"8 mm plate 190 x 200 mm with a 42 mm hole; split pipe clamp; 40 mm PVC tee; 100 mm rope exit stub; 40 mm spout to 460 mm beyond the frame",Plumbing supplier; local workshop,30.00,make,Water leaves the tee by the spout into the discharge hose
19 Rising main,30,"40 mm PVC pressure pipe PN10, ID 36.2 mm, per metre, with solvent-weld sockets (32 mm below 30 m and 25 mm below 45 m in deeper shafts)",Plumbing supplier,2.60,buy,Priced for the 30 m design shaft (CLD-CAL-001 band table)
20 Guide block,1,"6 mm steel plate box 200 x 120 x 300 mm with slotted sides; 74 mm HDPE roller on a 12 mm stainless pin; inlet socket; two 25 mm steel weights about 7 kg each",Local workshop; plastics supplier,58.00,make,Turns the rope from the down run into the pipe at the bottom
21 Rope and pistons,1,"70 m of 6 mm polypropylene rope (breaking load about 5 kN); 70 HDPE pistons 35 mm diameter, 10 mm thick, one every metre, held by knots",Hardware store; plastics supplier,42.00,buy,Pistons cut from 10 mm HDPE sheet; one size smaller for 32 and 25 mm mains
22 Support wire,1,"35 m of 6 mm galvanised steel wire rope with four wire rope clips and an M12 eye bolt on the pipe head plate",Hardware store,48.00,buy,Carries the rising main and the guide block
23 Duct head and saddle,1,"200 mm galvanised spiral duct 90 degree bend with a 290 mm horizontal stub and a 220 mm vertical stub; steel saddle and strap bolted to the crossbar",HVAC supplier; local workshop,46.00,buy,Turns the air from the frame down the shaft
24 Lay-flat duct,30,"200 mm PVC-coated polyester lay-flat ventilation duct with coupling every 10 m and hanging rings, per metre",Mining or ventilation supplier,6.50,buy,30 m for the design shaft (R5)
25 Flexible duct link,1,"200 mm wire-reinforced flexible duct 0.7 m with two worm-drive clamps",HVAC supplier,28.00,buy,Blower outlet to the duct head
26 Exhaust extension,1,"Stainless flexible exhaust hose 48 mm ID 0.3 m with clamps; 40 mm (1-1/2 in) galvanised pipe about 5.0 m; 90 degree bend; riser about 1.8 m; rain cap",Plumbing and exhaust suppliers,95.00,make,Keeps the exhaust outlet at least 6 m from the collar and the blower intake (R2)
27 Exhaust stands,3,"40 x 40 x 3 SHS post with a 200 x 200 x 6 mm base plate, two stake holes and a U-bolt; two low (500 mm) and one tall (1,800 mm) for the riser",Local workshop,18.00,make,Staked to the ground
28 Discharge hose,1,"40 mm layflat or suction hose 10 m with a hose clamp",Hardware store,26.00,buy,Lay the water at least 5 m from the collar
29 Gas detector,1,"Personal carbon monoxide and oxygen detector with audible and vibrating alarm, calibrated, with a bump-test gas or service plan",Safety equipment supplier,320.00,buy,Required: ventilation does not make a shaft safe on its own (CLD-DDR-001 D10)
30 Fasteners paint and sundries,1,"M8 to M12 bolts and washers for plates, guards and bearings; primer and paint; grease; cable ties for the duct",Hardware store,60.00,buy,Allowance
